College	Cogen Electricity
SAYBROOK	-0.04838073796628153
TRUMBULL	-0.02886222055976069
EZRA STILES	-0.01029902088344019
MORSE	-0.01029902088344019
BRANFORD	-0.005578927074710845
DAVENPORT	-0.003152972838122185
JONATHAN EDWARDS	0.004538461618763128
SILLIMAN	0.006476518230608524
PIERSON	0.010565228401831267
TIMOTHY DWIGHT	0.027387948280511883
CALHOUN	0.074675868461172
BERKELEY	0.2063954870871812
