College	Cogen Electricity
SAYBROOK COLLEGE	-4.838073796628152
TRUMBULL COLLEGE	-2.886222055976069
EZRA STILES COLLEGE	-1.029902088344019
MORSE COLLEGE	-1.029902088344019
BRANFORD COLLEGE	-0.5578927074710845
DAVENPORT COLLEGE	-0.3152972838122185
JONATHAN EDWARDS COL	0.4538461618763128
SILLIMAN COLLEGE	0.6476518230608524
PIERSON COLLEGE	1.0565228401831268
TIMOTHY DWIGHT COLL.	2.7387948280511885
CALHOUN COLLEGE,JOHN	7.467586846117199
BERKELEY COLLEGE	20.63954870871812
