College	Cogen Electricity
CALHOUN	-0.026935545810968912
DAVENPORT	0.12315686446140257
TIMOTHY DWIGHT	0.127972869489115
MORSE	0.13265826975871536
EZRA STILES	0.13265826975871536
JONATHAN EDWARDS	0.14193008391669204
SILLIMAN	0.15198103005745703
PIERSON	0.17383354587052735
SAYBROOK	0.18003067912425044
TRUMBULL	0.19601941747572815
BRANFORD	0.21255306246209824
BERKELEY	0.23346080305927341
