college,value
DAVENPORT,-0.3152972838122185
BRANFORD,-0.5578927074710845
EZRASTILES,-1.029902088344019
MORSE,-1.029902088344019
TRUMBULL,-2.886222055976069
SAYBROOK,-4.838073796628152
JONATHANEDWARDSCOL,0.4538461618763128
SILLIMAN,0.6476518230608524
PIERSON,1.0565228401831268
TIMOTHYDWIGHTCOLL.,2.7387948280511885
BERKELEY,20.63954870871812
CALHOUN,JOHN,7.467586846117199
